<rss version="2.0"><channel><generator>NFE/1.0</generator><title>Top Stories - Google News</title><link>http://news.google.com/news?ned=us&amp;hl=en&amp;topic=h</link><language>en</language><webMaster>news-feedback@google.com</webMaster><copyright>&amp;copy;2012 Google</copyright><pubDate>Tue, 24 Jul 2012 16:28:22 GMT</pubDate><lastBuildDate>Tue, 24 Jul 2012 16:28:22 GMT</lastBuildDate><image><title>Top Stories - Google News</title><url>http://www.gstatic.com/news/img/logo/en_us/news.gif</url><link>http://news.google.com/news?ned=us&amp;hl=en&amp;topic=h</link></image><item><title>Earhart search ends with sonar, video to sift through - Philadelphia Inquirer</title><link>http://news.google.com/news/url?sa=t&amp;fd=R&amp;usg=AFQjCNHErD1XxBFfL5MZKG9s_rxcMyIoWA&amp;url=http://www.philly.com/philly/news/20120724_Amelia_Earhart_expedition_heads_back_with_sonar__video_to_sift_th.html</link><guid isPermaLink="false">tag:news.google.com,2005:cluster=35185818866967</guid><category>Top Stories</category><pubDate>Tue, 24 Jul 2012 15:28:29 GMT</pubDate><description>&lt;table border=&quot;0&quot; cellpadding=&quot;2&quot; cellspacing=&quot;7&quot; style=&quot;vertical-align:top;&quot;&gt;&lt;tr&gt;&lt;td width=&quot;80&quot; align=&quot;center&quot; valign=&quot;top&quot;&gt;&lt;font style=&quot;font-size:85%;font-family:arial,sans-serif&quot;&gt;&lt;a href=&quot;http://news.google.com/news/url?sa=t&amp;amp;fd=R&amp;amp;usg=AFQjCNGvpKbk0ReDaISp561FQTHfiGIEPA&amp;amp;url=http://www.guardian.co.uk/world/2012/jul/24/amelia-earhart-anniversary-google-doodle?newsfeed%3Dtrue&quot;&gt;&lt;img src=&quot;//nt3.ggpht.com/news/tbn/GysSdto4nB5P-M/6.jpg&quot; alt=&quot;&quot; border=&quot;1&quot; width=&quot;80&quot; height=&quot;80&quot; /&gt;&lt;br /&gt;&lt;font size=&quot;-2&quot;&gt;The Guardian&lt;/font&gt;&lt;/a&gt;&lt;/font&gt;&lt;/td&gt;&lt;td valign=&quot;top&quot; class=&quot;j&quot;&gt;&lt;font style=&quot;font-size:85%;font-family:arial,sans-serif&quot;&gt;&lt;br /&gt;&lt;div style=&quot;padding-top:0.8em;&quot;&gt;&lt;img alt=&quot;&quot; height=&quot;1&quot; width=&quot;1&quot; /&gt;&lt;/div&gt;&lt;div class=&quot;lh&quot;&gt;&lt;a href=&quot;http://news.google.com/news/url?sa=t&amp;amp;fd=R&amp;amp;usg=AFQjCNHErD1XxBFfL5MZKG9s_rxcMyIoWA&amp;amp;url=http://www.philly.com/philly/news/20120724_Amelia_Earhart_expedition_heads_back_with_sonar__video_to_sift_th.html&quot;&gt;&lt;b&gt;Earhart search ends with sonar, video to sift through&lt;/b&gt;&lt;/a&gt;&lt;br /&gt;&lt;font size=&quot;-1&quot;&gt;&lt;b&gt;&lt;font color=&quot;#6f6f6f&quot;&gt;Philadelphia Inquirer&lt;/font&gt;&lt;/b&gt;&lt;/font&gt;&lt;br /&gt;&lt;font size=&quot;-1&quot;&gt;The next few weeks might finally reveal what happened to the Amelia Earhart&amp;#39;s attempted round-the-world flight 75 years ago. A $2.2 million expedition to a remote Pacific island is on its way back to Hawaii after gathering &amp;quot;volumes of sonar data and &lt;b&gt;...&lt;/b&gt;&lt;/font&gt;&lt;br /&gt;&lt;font size=&quot;-1&quot;&gt;&lt;a href=&quot;http://news.google.com/news/url?sa=t&amp;amp;fd=R&amp;amp;usg=AFQjCNEZk3MTyz7PCW6hduKShtG5rIiGpA&amp;amp;url=http://www.google.com/hostednews/afp/article/ALeqM5iWqKw2SYTflKgXgGwqkVL7Tq7MnQ?docId%3DCNG.8db00ddc4bc3b4d5e0beccdb5ea8c68a.231&quot;&gt;Mission fails to find Amelia Earhart plane&lt;/a&gt;&lt;font size=&quot;-1&quot; color=&quot;#6f6f6f&quot;&gt;&lt;nobr&gt;AFP&lt;/nobr&gt;&lt;/font&gt;&lt;/font&gt;&lt;br /&gt;&lt;font size=&quot;-1&quot;&gt;&lt;a href=&quot;http://news.google.com/news/url?sa=t&amp;amp;fd=R&amp;amp;usg=AFQjCNGK7pqkjsNBMnoWfUwMnw_Q4jDpBA&amp;amp;url=http://abcnews.go.com/Technology/slideshow/google-doodle-amelia-earhardt-10759716&quot;&gt;Google Doodle: Amelia Earhart&lt;/a&gt;&lt;font size=&quot;-1&quot; color=&quot;#6f6f6f&quot;&gt;&lt;nobr&gt;ABC News&lt;/nobr&gt;&lt;/font&gt;&lt;/font&gt;&lt;br /&gt;&lt;font size=&quot;-1&quot;&gt;&lt;a href=&quot;http://news.google.com/news/url?sa=t&amp;amp;fd=R&amp;amp;usg=AFQjCNHnfGylRLCZ7q9TNSXe93-QVysudQ&amp;amp;url=http://blogs.voanews.com/breaking-news/2012/07/24/search-ends-for-fate-of-amelia-earhart/&quot;&gt;Search Ends for Fate of Amelia Earhart&lt;/a&gt;&lt;font size=&quot;-1&quot; color=&quot;#6f6f6f&quot;&gt;&lt;nobr&gt;Voice of America (blog)&lt;/nobr&gt;&lt;/font&gt;&lt;/font&gt;&lt;br /&gt;&lt;font size=&quot;-1&quot; class=&quot;p&quot;&gt;&lt;a href=&quot;http://news.google.com/news/url?sa=t&amp;amp;fd=R&amp;amp;usg=AFQjCNEa-btZ4bnSAc_-p3swITCliNXAfQ&amp;amp;url=http://www.vanityfair.com/online/daily/2012/07/Exclusive-Interview-with-Amelia-Earhart-Part-III-Lost-and-Found-on-Hawaii&quot;&gt;&lt;nobr&gt;Vanity Fair&lt;/nobr&gt;&lt;/a&gt;&amp;nbsp;-&lt;a href=&quot;http://news.google.com/news/url?sa=t&amp;amp;fd=R&amp;amp;usg=AFQjCNFf4JU8QUbvm-iby4DZhK_L3QMNIg&amp;amp;url=http://www.cbsnews.com/8301-201_162-57478379/latest-amelia-earhart-search-falls-short/&quot;&gt;&lt;nobr&gt;CBS News&lt;/nobr&gt;&lt;/a&gt;&amp;nbsp;-&lt;a href=&quot;http://news.google.com/news/url?sa=t&amp;amp;fd=R&amp;amp;usg=AFQjCNHREp_StdTPKP78t7MyPNru998sZw&amp;amp;url=http://www.pcworld.com/article/259751/google_doodle_honors_amelia_earhart.html&quot;&gt;&lt;nobr&gt;PCWorld&lt;/nobr&gt;&lt;/a&gt;&lt;/font&gt;&lt;br /&gt;&lt;font class=&quot;p&quot; size=&quot;-1&quot;&gt;&lt;a class=&quot;p&quot; href=&quot;http://news.google.com/news/more?ned=us&amp;amp;topic=h&amp;amp;ncl=diGOy8mCJ8jWorMjJgzoL3JWNpaqM&quot;&gt;&lt;nobr&gt;&lt;b&gt;all 444 news articles&amp;nbsp;&amp;raquo;&lt;/b&gt;&lt;/nobr&gt;&lt;/a&gt;&lt;/font&gt;&lt;/div&gt;&lt;/font&gt;&lt;/td&gt;&lt;/tr&gt;&lt;/table&gt;</description></item> <item><title>UK charges Coulson, Brooks, others with phone hacking - USA TODAY</title><link>http://news.google.com/news/url?sa=t&amp;fd=R&amp;usg=AFQjCNFk0mg2wHQa-En-adqzl3aIHohWxQ&amp;url=http://www.usatoday.com/news/world/story/2012-07-24/britain-phone-hacking-charges/56448680/1?csp%3D34news</link><guid isPermaLink="false">tag:news.google.com,2005:cluster=35185819220715</guid><category>Top Stories</category><pubDate>Tue, 24 Jul 2012 15:58:06 GMT</pubDate><description>&lt;table border=&quot;0&quot; cellpadding=&quot;2&quot; cellspacing=&quot;7&quot; style=&quot;vertical-align:top;&quot;&gt;&lt;tr&gt;&lt;td width=&quot;80&quot; align=&quot;center&quot; valign=&quot;top&quot;&gt;&lt;font style=&quot;font-size:85%;font-family:arial,sans-serif&quot;&gt;&lt;a href=&quot;http://news.google.com/news/url?sa=t&amp;amp;fd=R&amp;amp;usg=AFQjCNFk0mg2wHQa-En-adqzl3aIHohWxQ&amp;amp;url=http://www.usatoday.com/news/world/story/2012-07-24/britain-phone-hacking-charges/56448680/1?csp%3D34news&quot;&gt;&lt;img src=&quot;//nt2.ggpht.com/news/tbn/Kvbe4zYKD1zNwM/6.jpg&quot; alt=&quot;&quot; border=&quot;1&quot; width=&quot;80&quot; height=&quot;80&quot; /&gt;&lt;br /&gt;&lt;font size=&quot;-2&quot;&gt;USA TODAY&lt;/font&gt;&lt;/a&gt;&lt;/font&gt;&lt;/td&gt;&lt;td valign=&quot;top&quot; class=&quot;j&quot;&gt;&lt;font style=&quot;font-size:85%;font-family:arial,sans-serif&quot;&gt;&lt;br /&gt;&lt;div style=&quot;padding-top:0.8em;&quot;&gt;&lt;img alt=&quot;&quot; height=&quot;1&quot; width=&quot;1&quot; /&gt;&lt;/div&gt;&lt;div class=&quot;lh&quot;&gt;&lt;a href=&quot;http://news.google.com/news/url?sa=t&amp;amp;fd=R&amp;amp;usg=AFQjCNFk0mg2wHQa-En-adqzl3aIHohWxQ&amp;amp;url=http://www.usatoday.com/news/world/story/2012-07-24/britain-phone-hacking-charges/56448680/1?csp%3D34news&quot;&gt;&lt;b&gt;UK charges Coulson, Brooks, others with phone hacking&lt;/b&gt;&lt;/a&gt;&lt;br /&gt;&lt;font size=&quot;-1&quot;&gt;&lt;b&gt;&lt;font color=&quot;#6f6f6f&quot;&gt;USA TODAY&lt;/font&gt;&lt;/b&gt;&lt;/font&gt;&lt;br /&gt;&lt;font size=&quot;-1&quot;&gt;LONDON (AP) - British authorities on Tuesday charged an ex-aide to the prime minister, a former protege of media mogul Rupert Murdoch, and six others in the ever-widening phone hacking scandal, accusing them of key roles in a campaign of illegal &lt;b&gt;...&lt;/b&gt;&lt;/font&gt;&lt;br /&gt;&lt;font size=&quot;-1&quot;&gt;&lt;a href=&quot;http://news.google.com/news/url?sa=t&amp;amp;fd=R&amp;amp;usg=AFQjCNESKM407YcR8uMk7Pzr_OBgMgNWzA&amp;amp;url=http://www.guardian.co.uk/uk/2012/jul/24/phone-hacking-charges1?newsfeed%3Dtrue&quot;&gt;Phone hacking: who&amp;#39;s been charged?&lt;/a&gt;&lt;font size=&quot;-1&quot; color=&quot;#6f6f6f&quot;&gt;&lt;nobr&gt;The Guardian&lt;/nobr&gt;&lt;/font&gt;&lt;/font&gt;&lt;br /&gt;&lt;font size=&quot;-1&quot;&gt;&lt;a href=&quot;http://news.google.com/news/url?sa=t&amp;amp;fd=R&amp;amp;usg=AFQjCNGhFrqU9Ly8cHKQG02H3ewkTf1PWw&amp;amp;url=http://www.cnn.com/2012/07/24/world/europe/uk-phonehacking-charges/index.html&quot;&gt;Former Cameron aide, Murdoch ally to be charged with phone hacking&lt;/a&gt;&lt;font size=&quot;-1&quot; color=&quot;#6f6f6f&quot;&gt;&lt;nobr&gt;CNN&lt;/nobr&gt;&lt;/font&gt;&lt;/font&gt;&lt;br /&gt;&lt;font size=&quot;-1&quot;&gt;&lt;a href=&quot;http://news.google.com/news/url?sa=t&amp;amp;fd=R&amp;amp;usg=AFQjCNFlncxIC6Q7VZds0NHxFDljmC2sdg&amp;amp;url=http://www.google.com/hostednews/ukpress/article/ALeqM5jjwdLO_Iv_cmAmPefQzSIsiQCofQ?docId%3DN0372341343092424946A&quot;&gt;Eight charged with phone hacking&lt;/a&gt;&lt;font size=&quot;-1&quot; color=&quot;#6f6f6f&quot;&gt;&lt;nobr&gt;The Press Association&lt;/nobr&gt;&lt;/font&gt;&lt;/font&gt;&lt;br /&gt;&lt;font size=&quot;-1&quot; class=&quot;p&quot;&gt;&lt;a href=&quot;http://news.google.com/news/url?sa=t&amp;amp;fd=R&amp;amp;usg=AFQjCNFFnrDLwEIdep-B5Rbvm7rhJZCnaA&amp;amp;url=http://www.ft.com/cms/s/0/928fda68-d578-11e1-b306-00144feabdc0.html&quot;&gt;&lt;nobr&gt;Financial Times&lt;/nobr&gt;&lt;/a&gt;&amp;nbsp;-&lt;a href=&quot;http://news.google.com/news/url?sa=t&amp;amp;fd=R&amp;amp;usg=AFQjCNFQihk-EaVCHSacPtCXtFQdqOmlzg&amp;amp;url=http://worldnews.nbcnews.com/_news/2012/07/24/12922171-uk-pms-ex-aide-murdoch-protege-face-charges-in-phone-hacking-scandal?lite&quot;&gt;&lt;nobr&gt;msnbc.com&lt;/nobr&gt;&lt;/a&gt;&amp;nbsp;-&lt;a href=&quot;http://news.google.com/news/url?sa=t&amp;amp;fd=R&amp;amp;usg=AFQjCNEANCa0_Tzte0nIFLU59Sfj2fg3cw&amp;amp;url=http://www.dailymail.co.uk/news/article-2178108/Rebekah-Brooks-Andy-Coulson-journalist-charged-phone-hacking.html&quot;&gt;&lt;nobr&gt;Daily Mail&lt;/nobr&gt;&lt;/a&gt;&lt;/font&gt;&lt;br /&gt;&lt;font class=&quot;p&quot; size=&quot;-1&quot;&gt;&lt;a class=&quot;p&quot; href=&quot;http://news.google.com/news/more?ned=us&amp;amp;topic=h&amp;amp;ncl=dd0wHQpJsMQDT4MZRZlKFAtKQ55nM&quot;&gt;&lt;nobr&gt;&lt;b&gt;all 1,076 news articles&amp;nbsp;&amp;raquo;&lt;/b&gt;&lt;/nobr&gt;&lt;/a&gt;&lt;/font&gt;&lt;/div&gt;&lt;/font&gt;&lt;/td&gt;&lt;/tr&gt;&lt;/table&gt;</description></item> <item><title>Romney to Attack Obama on Leaks, Defense Cuts - Wall Street Journal</title><link>http://news.google.com/news/url?sa=t&amp;fd=R&amp;usg=AFQjCNGC1HWyjeldvoZR79oL_fW_k0vQXw&amp;url=http://stream.wsj.com/story/campaign-2012-continuous-coverage/SS-2-9156/SS-2-36094/</link><guid isPermaLink="false">tag:news.google.com,2005:cluster=26389721324185</guid><category>Top Stories</category><pubDate>Tue, 24 Jul 2012 15:35:46 GMT</pubDate><description>&lt;table border=&quot;0&quot; cellpadding=&quot;2&quot; cellspacing=&quot;7&quot; style=&quot;vertical-align:top;&quot;&gt;&lt;tr&gt;&lt;td width=&quot;80&quot; align=&quot;center&quot; valign=&quot;top&quot;&gt;&lt;font style=&quot;font-size:85%;font-family:arial,sans-serif&quot;&gt;&lt;a href=&quot;http://news.google.com/news/url?sa=t&amp;amp;fd=R&amp;amp;usg=AFQjCNHmlya0VpgTf1Ysgo-CiSAUCVrHJQ&amp;amp;url=http://www.telegraph.co.uk/news/worldnews/northamerica/usa/9422240/Mitt-Romney-to-visit-Britain-as-part-of-six-day-tour.html&quot;&gt;&lt;img src=&quot;//nt1.ggpht.com/news/tbn/6VEEpnl02edN5M/6.jpg&quot; alt=&quot;&quot; border=&quot;1&quot; width=&quot;80&quot; height=&quot;80&quot; /&gt;&lt;br /&gt;&lt;font size=&quot;-2&quot;&gt;Telegraph.co.uk&lt;/font&gt;&lt;/a&gt;&lt;/font&gt;&lt;/td&gt;&lt;td valign=&quot;top&quot; class=&quot;j&quot;&gt;&lt;font style=&quot;font-size:85%;font-family:arial,sans-serif&quot;&gt;&lt;br /&gt;&lt;div style=&quot;padding-top:0.8em;&quot;&gt;&lt;img alt=&quot;&quot; height=&quot;1&quot; width=&quot;1&quot; /&gt;&lt;/div&gt;&lt;div class=&quot;lh&quot;&gt;&lt;a href=&quot;http://news.google.com/news/url?sa=t&amp;amp;fd=R&amp;amp;usg=AFQjCNGC1HWyjeldvoZR79oL_fW_k0vQXw&amp;amp;url=http://stream.wsj.com/story/campaign-2012-continuous-coverage/SS-2-9156/SS-2-36094/&quot;&gt;&lt;b&gt;Romney to Attack Obama on Leaks, Defense Cuts&lt;/b&gt;&lt;/a&gt;&lt;br /&gt;&lt;font size=&quot;-1&quot;&gt;&lt;b&gt;&lt;font color=&quot;#6f6f6f&quot;&gt;Wall Street Journal&lt;/font&gt;&lt;/b&gt;&lt;/font&gt;&lt;br /&gt;&lt;font size=&quot;-1&quot;&gt;Republican Mitt Romney will take aim at the president&amp;#39;s foreign-policy and national security records Tuesday with a call for an investigation into leaks of classified information and blunt criticism of military spending cuts that are set to take effect &lt;b&gt;...&lt;/b&gt;&lt;/font&gt;&lt;br /&gt;&lt;font size=&quot;-1&quot;&gt;&lt;a href=&quot;http://news.google.com/news/url?sa=t&amp;amp;fd=R&amp;amp;usg=AFQjCNEgmNOa7WLYaKmnEW8hVFYVg4LZqg&amp;amp;url=http://www.foxnews.com/politics/2012/07/24/romney-says-security-leaks-political-calls-for-probe-into-contemptible-conduct/&quot;&gt;Romney says security leaks &amp;#39;political,&amp;#39; calls for probe into &amp;#39;contemptible &lt;b&gt;...&lt;/b&gt;&lt;/a&gt;&lt;font size=&quot;-1&quot; color=&quot;#6f6f6f&quot;&gt;&lt;nobr&gt;Fox News&lt;/nobr&gt;&lt;/font&gt;&lt;/font&gt;&lt;br /&gt;&lt;font size=&quot;-1&quot;&gt;&lt;a href=&quot;http://news.google.com/news/url?sa=t&amp;amp;fd=R&amp;amp;usg=AFQjCNGb4pgRGU65wJW4wO7Oq0oJ232ktw&amp;amp;url=http://content.usatoday.com/communities/onpolitics/post/2012/07/mitt-romney-vfw-veterans-obama-/1&quot;&gt;Romney to slam intel leaks from White House&lt;/a&gt;&lt;font size=&quot;-1&quot; color=&quot;#6f6f6f&quot;&gt;&lt;nobr&gt;USA TODAY&lt;/nobr&gt;&lt;/font&gt;&lt;/font&gt;&lt;br /&gt;&lt;font size=&quot;-1&quot;&gt;&lt;a href=&quot;http://news.google.com/news/url?sa=t&amp;amp;fd=R&amp;amp;usg=AFQjCNFZZKi3DPFQMFVYKS0cHyM4haninQ&amp;amp;url=http://www.sfgate.com/business/bloomberg/article/Romney-Hits-Obama-on-National-Security-Before-3730932.php&quot;&gt;Romney Hits Obama on National Security Before Overseas Trip&lt;/a&gt;&lt;font size=&quot;-1&quot; color=&quot;#6f6f6f&quot;&gt;&lt;nobr&gt;San Francisco Chronicle&lt;/nobr&gt;&lt;/font&gt;&lt;/font&gt;&lt;br /&gt;&lt;font size=&quot;-1&quot; class=&quot;p&quot;&gt;&lt;a href=&quot;http://news.google.com/news/url?sa=t&amp;amp;fd=R&amp;amp;usg=AFQjCNGEowUudkbopqdyZRw3IIH6anayIw&amp;amp;url=http://www.google.com/hostednews/ap/article/ALeqM5hWlTept57YqMe6aTHUCIysdgaPog?docId%3D4ac079953b6f46539fde0295f0cf1871&quot;&gt;&lt;nobr&gt;The Associated Press&lt;/nobr&gt;&lt;/a&gt;&lt;link rel=&quot;syndication-source&quot; href=&quot;www.ap.org/4ac079953b6f46539fde0295f0cf1871&quot; /&gt;&amp;nbsp;-&lt;a href=&quot;http://news.google.com/news/url?sa=t&amp;amp;fd=R&amp;amp;usg=AFQjCNHJvUDgQCHbLCSVt9IuvBal5a3h5g&amp;amp;url=http://www.suntimes.com/news/elections/13967570-505/story.html&quot;&gt;&lt;nobr&gt;Chicago Sun-Times&lt;/nobr&gt;&lt;/a&gt;&lt;/font&gt;&lt;br /&gt;&lt;font class=&quot;p&quot; size=&quot;-1&quot;&gt;&lt;a class=&quot;p&quot; href=&quot;http://news.google.com/news/more?ned=us&amp;amp;topic=h&amp;amp;ncl=d9xeQxx6PEUNonMn4AJBgI_URDFKM&quot;&gt;&lt;nobr&gt;&lt;b&gt;all 6,754 news articles&amp;nbsp;&amp;raquo;&lt;/b&gt;&lt;/nobr&gt;&lt;/a&gt;&lt;/font&gt;&lt;/div&gt;&lt;/font&gt;&lt;/td&gt;&lt;/tr&gt;&lt;/table&gt;</description></item> <item><title>Wife gives birth after massacre; Husband critical - CBS News</title><link>http://news.google.com/news/url?sa=t&amp;fd=R&amp;usg=AFQjCNHHoB7M6lS8X1H9hYGJfdVRNsraPA&amp;url=http://www.cbsnews.com/8301-201_162-57478774/wife-gives-birth-after-massacre-husband-critical/</link><guid isPermaLink="false">tag:news.google.com,2005:cluster=35185818236158</guid><category>Top Stories</category><pubDate>Tue, 24 Jul 2012 16:13:39 GMT</pubDate><description>&lt;table border=&quot;0&quot; cellpadding=&quot;2&quot; cellspacing=&quot;7&quot; style=&quot;vertical-align:top;&quot;&gt;&lt;tr&gt;&lt;td width=&quot;80&quot; align=&quot;center&quot; valign=&quot;top&quot;&gt;&lt;font style=&quot;font-size:85%;font-family:arial,sans-serif&quot;&gt;&lt;a href=&quot;http://news.google.com/news/url?sa=t&amp;amp;fd=R&amp;amp;usg=AFQjCNHHoB7M6lS8X1H9hYGJfdVRNsraPA&amp;amp;url=http://www.cbsnews.com/8301-201_162-57478774/wife-gives-birth-after-massacre-husband-critical/&quot;&gt;&lt;img src=&quot;//nt3.ggpht.com/news/tbn/65upmX0sKvIVXM/6.jpg&quot; alt=&quot;&quot; border=&quot;1&quot; width=&quot;80&quot; height=&quot;80&quot; /&gt;&lt;br /&gt;&lt;font size=&quot;-2&quot;&gt;CBS News&lt;/font&gt;&lt;/a&gt;&lt;/font&gt;&lt;/td&gt;&lt;td valign=&quot;top&quot; class=&quot;j&quot;&gt;&lt;font style=&quot;font-size:85%;font-family:arial,sans-serif&quot;&gt;&lt;br /&gt;&lt;div style=&quot;padding-top:0.8em;&quot;&gt;&lt;img alt=&quot;&quot; height=&quot;1&quot; width=&quot;1&quot; /&gt;&lt;/div&gt;&lt;div class=&quot;lh&quot;&gt;&lt;a href=&quot;http://news.google.com/news/url?sa=t&amp;amp;fd=R&amp;amp;usg=AFQjCNHHoB7M6lS8X1H9hYGJfdVRNsraPA&amp;amp;url=http://www.cbsnews.com/8301-201_162-57478774/wife-gives-birth-after-massacre-husband-critical/&quot;&gt;&lt;b&gt;Wife gives birth after massacre; Husband critical&lt;/b&gt;&lt;/a&gt;&lt;br /&gt;&lt;font size=&quot;-1&quot;&gt;&lt;b&gt;&lt;font color=&quot;#6f6f6f&quot;&gt;CBS News&lt;/font&gt;&lt;/b&gt;&lt;/font&gt;&lt;br /&gt;&lt;font size=&quot;-1&quot;&gt;(CBS News) Katie Medley, whose husband Caleb was shot in the eye during Friday&amp;#39;s deadly movie theater rampage in Aurora, Colo., gave birth to a baby boy Tuesday in the same hospital where her spouse remains critically wounded.&lt;/font&gt;&lt;br /&gt;&lt;font size=&quot;-1&quot;&gt;&lt;a href=&quot;http://news.google.com/news/url?sa=t&amp;amp;fd=R&amp;amp;usg=AFQjCNH66ljc9DZfCeg26QdOKqyDnjo40w&amp;amp;url=http://www.nydailynews.com/news/national/woman-escaped-dark-knight-theater-shooting-birth-son-hugo-husband-clings-life-article-1.1120730&quot;&gt;Woman who escaped &amp;#39;Dark Knight&amp;#39; theater shooting gives birth to son Hugo as &lt;b&gt;...&lt;/b&gt;&lt;/a&gt;&lt;font size=&quot;-1&quot; color=&quot;#6f6f6f&quot;&gt;&lt;nobr&gt;New York Daily News&lt;/nobr&gt;&lt;/font&gt;&lt;/font&gt;&lt;br /&gt;&lt;font size=&quot;-1&quot;&gt;&lt;a href=&quot;http://news.google.com/news/url?sa=t&amp;amp;fd=R&amp;amp;usg=AFQjCNF5BFJ_CwMfRiUjv7xmHu-A-HBR-w&amp;amp;url=http://abcnews.go.com/US/colorado-shooting-victim-caleb-medley-showing-small-signs/story?id%3D16842712&quot;&gt;Colorado Shooting Victim Caleb Medley Showing Small Signs of Progress as Wife &lt;b&gt;...&lt;/b&gt;&lt;/a&gt;&lt;font size=&quot;-1&quot; color=&quot;#6f6f6f&quot;&gt;&lt;nobr&gt;ABC News&lt;/nobr&gt;&lt;/font&gt;&lt;/font&gt;&lt;br /&gt;&lt;font size=&quot;-1&quot;&gt;&lt;a href=&quot;http://news.google.com/news/url?sa=t&amp;amp;fd=R&amp;amp;usg=AFQjCNG_iA5oYqS0r1WIruJF0kf6gn9Ouw&amp;amp;url=http://www.washingtonpost.com/national/woman-whose-husband-was-wounded-in-colo-shooting-gives-birth-mother-and-baby-doing-great/2012/07/24/gJQArnPm6W_story.html&quot;&gt;Woman whose husband was wounded in Colo. shooting gives birth; Mother and baby &lt;b&gt;...&lt;/b&gt;&lt;/a&gt;&lt;font size=&quot;-1&quot; color=&quot;#6f6f6f&quot;&gt;&lt;nobr&gt;Washington Post&lt;/nobr&gt;&lt;/font&gt;&lt;/font&gt;&lt;br /&gt;&lt;font size=&quot;-1&quot; class=&quot;p&quot;&gt;&lt;a href=&quot;http://news.google.com/news/url?sa=t&amp;amp;fd=R&amp;amp;usg=AFQjCNGqbDH-uearYHQ-x7qiLXjLlfLh0g&amp;amp;url=http://www.newsday.com/news/baby-of-man-wounded-in-colo-shooting-is-born-1.3857251&quot;&gt;&lt;nobr&gt;Newsday&lt;/nobr&gt;&lt;/a&gt;&lt;/font&gt;&lt;br /&gt;&lt;font class=&quot;p&quot; size=&quot;-1&quot;&gt;&lt;a class=&quot;p&quot; href=&quot;http://news.google.com/news/more?ned=us&amp;amp;topic=h&amp;amp;ncl=d4sLPiW7_6i2pGMX9C09wB9gVdqjM&quot;&gt;&lt;nobr&gt;&lt;b&gt;all 348 news articles&amp;nbsp;&amp;raquo;&lt;/b&gt;&lt;/nobr&gt;&lt;/a&gt;&lt;/font&gt;&lt;/div&gt;&lt;/font&gt;&lt;/td&gt;&lt;/tr&gt;&lt;/table&gt;</description></item> <item><title>Use of Warplanes Is Reported in Syrian Conflict - New York Times</title><link>http://news.google.com/news/url?sa=t&amp;fd=R&amp;usg=AFQjCNFifAtwXGh23dj4OPOkroUURaoUjg&amp;url=http://www.nytimes.com/2012/07/25/world/middleeast/use-of-warplanes-is-reported-in-syrian-conflict.html</link><guid isPermaLink="false">tag:news.google.com,2005:cluster=35185818715004</guid><category>Top Stories</category><pubDate>Tue, 24 Jul 2012 15:43:18 GMT</pubDate><description>&lt;table border=&quot;0&quot; cellpadding=&quot;2&quot; cellspacing=&quot;7&quot; style=&quot;vertical-align:top;&quot;&gt;&lt;tr&gt;&lt;td width=&quot;80&quot; align=&quot;center&quot; valign=&quot;top&quot;&gt;&lt;font style=&quot;font-size:85%;font-family:arial,sans-serif&quot;&gt;&lt;a href=&quot;http://news.google.com/news/url?sa=t&amp;amp;fd=R&amp;amp;usg=AFQjCNFH-U1l-MSxCc7N5ZyN0jqHLTovHQ&amp;amp;url=http://www.telegraph.co.uk/news/worldnews/middleeast/syria/9422393/Syria-chemical-weapons-moved-as-8-killed-in-Aleppo-prison-revolts.html&quot;&gt;&lt;img src=&quot;//nt3.ggpht.com/news/tbn/76ZG-hCTVWHsLM/6.jpg&quot; alt=&quot;&quot; border=&quot;1&quot; width=&quot;80&quot; height=&quot;80&quot; /&gt;&lt;br /&gt;&lt;font size=&quot;-2&quot;&gt;Telegraph.co.uk&lt;/font&gt;&lt;/a&gt;&lt;/font&gt;&lt;/td&gt;&lt;td valign=&quot;top&quot; class=&quot;j&quot;&gt;&lt;font style=&quot;font-size:85%;font-family:arial,sans-serif&quot;&gt;&lt;br /&gt;&lt;div style=&quot;padding-top:0.8em;&quot;&gt;&lt;img alt=&quot;&quot; height=&quot;1&quot; width=&quot;1&quot; /&gt;&lt;/div&gt;&lt;div class=&quot;lh&quot;&gt;&lt;a href=&quot;http://news.google.com/news/url?sa=t&amp;amp;fd=R&amp;amp;usg=AFQjCNFifAtwXGh23dj4OPOkroUURaoUjg&amp;amp;url=http://www.nytimes.com/2012/07/25/world/middleeast/use-of-warplanes-is-reported-in-syrian-conflict.html&quot;&gt;&lt;b&gt;Use of Warplanes Is Reported in Syrian Conflict&lt;/b&gt;&lt;/a&gt;&lt;br /&gt;&lt;font size=&quot;-1&quot;&gt;&lt;b&gt;&lt;font color=&quot;#6f6f6f&quot;&gt;New York Times&lt;/font&gt;&lt;/b&gt;&lt;/font&gt;&lt;br /&gt;&lt;font size=&quot;-1&quot;&gt;Syrian armed forces battling insurgents in Aleppo, Syria&amp;#39;s second-largest city and commercial hub, have bombed its eastern areas with fighter jets, a BBC correspondent traveling with the insurgents reported Tuesday. If confirmed, the use of warplanes &lt;b&gt;...&lt;/b&gt;&lt;/font&gt;&lt;br /&gt;&lt;font size=&quot;-1&quot;&gt;&lt;a href=&quot;http://news.google.com/news/url?sa=t&amp;amp;fd=R&amp;amp;usg=AFQjCNGYpupajiNl5TryIQcpcQgxKCrz2g&amp;amp;url=http://www.reuters.com/article/2012/07/24/us-syria-crisis-chemicals-idUSBRE86N11Z20120724&quot;&gt;Insight: Assad chemical weapons plans blocked by Moscow&lt;/a&gt;&lt;font size=&quot;-1&quot; color=&quot;#6f6f6f&quot;&gt;&lt;nobr&gt;Reuters&lt;/nobr&gt;&lt;/font&gt;&lt;/font&gt;&lt;br /&gt;&lt;font size=&quot;-1&quot;&gt;&lt;a href=&quot;http://news.google.com/news/url?sa=t&amp;amp;fd=R&amp;amp;usg=AFQjCNHXwdpL5RAEDdL48ThivV6yRBvjig&amp;amp;url=http://www.guardian.co.uk/world/middle-east-live/2012/jul/24/syria-crisis-aleppo-clashes-live&quot;&gt;Syria crisis: clashes and prison mutiny in Aleppo - Tuesday 24 July 2012&lt;/a&gt;&lt;font size=&quot;-1&quot; color=&quot;#6f6f6f&quot;&gt;&lt;nobr&gt;The Guardian&lt;/nobr&gt;&lt;/font&gt;&lt;/font&gt;&lt;br /&gt;&lt;font size=&quot;-1&quot;&gt;&lt;a href=&quot;http://news.google.com/news/url?sa=t&amp;amp;fd=R&amp;amp;usg=AFQjCNGs_A1e1ZRvs-Tx24qqAY6l70o4gA&amp;amp;url=http://www.bbc.co.uk/news/world-middle-east-18950700&quot;&gt;&amp;#39;Time to end Syrian regime,&amp;#39; say rebels near Damascus&lt;/a&gt;&lt;font size=&quot;-1&quot; color=&quot;#6f6f6f&quot;&gt;&lt;nobr&gt;BBC News&lt;/nobr&gt;&lt;/font&gt;&lt;/font&gt;&lt;br /&gt;&lt;font size=&quot;-1&quot; class=&quot;p&quot;&gt;&lt;a href=&quot;http://news.google.com/news/url?sa=t&amp;amp;fd=R&amp;amp;usg=AFQjCNEdjyic3qNLRwgzqzjvQdgu8GyMTA&amp;amp;url=http://www.jpost.com/Defense/Article.aspx?id%3D278728&quot;&gt;&lt;nobr&gt;Jerusalem Post&lt;/nobr&gt;&lt;/a&gt;&amp;nbsp;-&lt;a href=&quot;http://news.google.com/news/url?sa=t&amp;amp;fd=R&amp;amp;usg=AFQjCNHFkK7D5EF6pNzP8e7nxaBGyAJKOw&amp;amp;url=http://abcnews.go.com/International/wireStory/fighting-syrias-2nd-city-persists-overnight-16842254&quot;&gt;&lt;nobr&gt;ABC News&lt;/nobr&gt;&lt;/a&gt;&lt;/font&gt;&lt;br /&gt;&lt;font class=&quot;p&quot; size=&quot;-1&quot;&gt;&lt;a class=&quot;p&quot; href=&quot;http://news.google.com/news/more?ned=us&amp;amp;topic=h&amp;amp;ncl=d5rSeXn287wzq2Mj4d-zGjMIQC4BM&quot;&gt;&lt;nobr&gt;&lt;b&gt;all 3,529 news articles&amp;nbsp;&amp;raquo;&lt;/b&gt;&lt;/nobr&gt;&lt;/a&gt;&lt;/font&gt;&lt;/div&gt;&lt;/font&gt;&lt;/td&gt;&lt;/tr&gt;&lt;/table&gt;</description></item> <item><title>Pa. monsignor who became 1st US church official branded felon for sex cover-up ... - Washington Post</title><link>http://news.google.com/news/url?sa=t&amp;fd=R&amp;usg=AFQjCNFW7Tqs0ykX4BfQbqJH3I8efc65UQ&amp;url=http://www.washingtonpost.com/national/on-faith/philly-monsignor-awaits-sentencing-in-priest-sex-crimes-cover-up-faces-3-12-to-7-years/2012/07/24/gJQA7Bdv5W_story.html</link><guid isPermaLink="false">tag:news.google.com,2005:cluster=35185818601049</guid><category>Top Stories</category><pubDate>Tue, 24 Jul 2012 16:18:38 GMT</pubDate><description>&lt;table border=&quot;0&quot; cellpadding=&quot;2&quot; cellspacing=&quot;7&quot; style=&quot;vertical-align:top;&quot;&gt;&lt;tr&gt;&lt;td width=&quot;80&quot; align=&quot;center&quot; valign=&quot;top&quot;&gt;&lt;font style=&quot;font-size:85%;font-family:arial,sans-serif&quot;&gt;&lt;a href=&quot;http://news.google.com/news/url?sa=t&amp;amp;fd=R&amp;amp;usg=AFQjCNEl2-yQ-Kk5KfSyCjakGWGOeiYbFA&amp;amp;url=http://abcnews.go.com/US/wireStory/philly-monsignor-awaits-fate-church-cover-16842206&quot;&gt;&lt;img src=&quot;//nt0.ggpht.com/news/tbn/UB_TJlHaRiSURM/6.jpg&quot; alt=&quot;&quot; border=&quot;1&quot; width=&quot;80&quot; height=&quot;80&quot; /&gt;&lt;br /&gt;&lt;font size=&quot;-2&quot;&gt;ABC News&lt;/font&gt;&lt;/a&gt;&lt;/font&gt;&lt;/td&gt;&lt;td valign=&quot;top&quot; class=&quot;j&quot;&gt;&lt;font style=&quot;font-size:85%;font-family:arial,sans-serif&quot;&gt;&lt;br /&gt;&lt;div style=&quot;padding-top:0.8em;&quot;&gt;&lt;img alt=&quot;&quot; height=&quot;1&quot; width=&quot;1&quot; /&gt;&lt;/div&gt;&lt;div class=&quot;lh&quot;&gt;&lt;a href=&quot;http://news.google.com/news/url?sa=t&amp;amp;fd=R&amp;amp;usg=AFQjCNFW7Tqs0ykX4BfQbqJH3I8efc65UQ&amp;amp;url=http://www.washingtonpost.com/national/on-faith/philly-monsignor-awaits-sentencing-in-priest-sex-crimes-cover-up-faces-3-12-to-7-years/2012/07/24/gJQA7Bdv5W_story.html&quot;&gt;&lt;b&gt;Pa. monsignor who became 1st US church official branded felon for sex cover-up &lt;b&gt;...&lt;/b&gt;&lt;/b&gt;&lt;/a&gt;&lt;br /&gt;&lt;font size=&quot;-1&quot;&gt;&lt;b&gt;&lt;font color=&quot;#6f6f6f&quot;&gt;Washington Post&lt;/font&gt;&lt;/b&gt;&lt;/font&gt;&lt;br /&gt;&lt;font size=&quot;-1&quot;&gt;PHILADELPHIA - A Roman Catholic monsignor who became the first US church official branded a felon for covering up sex abuse claims against priests was sentenced Tuesday to three to six years in prison by a judge who said he "enabled monsters in &lt;b&gt;...&lt;/b&gt;&lt;/font&gt;&lt;br /&gt;&lt;font size=&quot;-1&quot;&gt;&lt;a href=&quot;http://news.google.com/news/url?sa=t&amp;amp;fd=R&amp;amp;usg=AFQjCNG9ezAlGnYFKLK_8ssfPDFpC5d-jw&amp;amp;url=http://www.usatoday.com/news/religion/story/2012-07-24/philadelphia-priest-abuse/56449414/1&quot;&gt;Philadelphia monsignor gets 3-6 years in abuse cover-up&lt;/a&gt;&lt;font size=&quot;-1&quot; color=&quot;#6f6f6f&quot;&gt;&lt;nobr&gt;USA TODAY&lt;/nobr&gt;&lt;/font&gt;&lt;/font&gt;&lt;br /&gt;&lt;font size=&quot;-1&quot;&gt;&lt;a href=&quot;http://news.google.com/news/url?sa=t&amp;amp;fd=R&amp;amp;usg=AFQjCNGkSidafsI6DY9kHy03A7z6j3Dj8g&amp;amp;url=http://online.wsj.com/article/SB10000872396390443570904577546740468482050.html?mod%3Dgooglenews_wsj&quot;&gt;Philadelphia Monsignor Gets Up to Six Years in Prison&lt;/a&gt;&lt;font size=&quot;-1&quot; color=&quot;#6f6f6f&quot;&gt;&lt;nobr&gt;Wall Street Journal&lt;/nobr&gt;&lt;/font&gt;&lt;/font&gt;&lt;br /&gt;&lt;font size=&quot;-1&quot;&gt;&lt;a href=&quot;http://news.google.com/news/url?sa=t&amp;amp;fd=R&amp;amp;usg=AFQjCNFGawcDdp09-oB2aQwNGxahZMCeyQ&amp;amp;url=http://www.nytimes.com/2012/07/25/us/philadelphia-church-official-to-be-sentenced-in-abuse-case.html&quot;&gt;Philadelphia Church Official Sentenced at Least 3 Years in Prison&lt;/a&gt;&lt;font size=&quot;-1&quot; color=&quot;#6f6f6f&quot;&gt;&lt;nobr&gt;New York Times&lt;/nobr&gt;&lt;/font&gt;&lt;/font&gt;&lt;br /&gt;&lt;font size=&quot;-1&quot; class=&quot;p&quot;&gt;&lt;a href=&quot;http://news.google.com/news/url?sa=t&amp;amp;fd=R&amp;amp;usg=AFQjCNEKbYBAzpdh_laG5-XYtB_HOR8Svw&amp;amp;url=http://www.cbsnews.com/8301-504083_162-57478758-504083/monsignor-william-lynn-gets-3-6-years-in-philadelphia-church-sex-abuse-cover-up/&quot;&gt;&lt;nobr&gt;CBS News&lt;/nobr&gt;&lt;/a&gt;&amp;nbsp;-&lt;a href=&quot;http://news.google.com/news/url?sa=t&amp;amp;fd=R&amp;amp;usg=AFQjCNFlrBKof51FQx8-y7-WsiRfwChDTA&amp;amp;url=http://www.time.com/time/nation/article/0,8599,2120312,00.html&quot;&gt;&lt;nobr&gt;TIME&lt;/nobr&gt;&lt;/a&gt;&lt;/font&gt;&lt;br /&gt;&lt;font class=&quot;p&quot; size=&quot;-1&quot;&gt;&lt;a class=&quot;p&quot; href=&quot;http://news.google.com/news/more?ned=us&amp;amp;topic=h&amp;amp;ncl=d_ARRtJMVos-c6MEo9HyThHMDBdsM&quot;&gt;&lt;nobr&gt;&lt;b&gt;all 465 news articles&amp;nbsp;&amp;raquo;&lt;/b&gt;&lt;/nobr&gt;&lt;/a&gt;&lt;/font&gt;&lt;/div&gt;&lt;/font&gt;&lt;/td&gt;&lt;/tr&gt;&lt;/table&gt;</description></item> <item><title>Sally Ride, the first American woman in space, dies - Washington Post</title><link>http://news.google.com/news/url?sa=t&amp;fd=R&amp;usg=AFQjCNF1uItDX5TYFN33QpS2Avj3I02cKA&amp;url=http://www.washingtonpost.com/national/health-science/sally-ride-the-first-american-woman-in-space-dies-at-61/2012/07/23/gJQAAnb94W_gallery.html</link><guid isPermaLink="false">tag:news.google.com,2005:cluster=35185818852046</guid><category>Top Stories</category><pubDate>Tue, 24 Jul 2012 16:10:36 GMT</pubDate><description>&lt;table border=&quot;0&quot; cellpadding=&quot;2&quot; cellspacing=&quot;7&quot; style=&quot;vertical-align:top;&quot;&gt;&lt;tr&gt;&lt;td width=&quot;80&quot; align=&quot;center&quot; valign=&quot;top&quot;&gt;&lt;font style=&quot;font-size:85%;font-family:arial,sans-serif&quot;&gt;&lt;a href=&quot;http://news.google.com/news/url?sa=t&amp;amp;fd=R&amp;amp;usg=AFQjCNHtByhx9RSSj4E99foOq_SpHEZy0w&amp;amp;url=http://www.cbc.ca/news/world/story/2012/07/23/sally-ride-american-astronaut-dies.html&quot;&gt;&lt;img src=&quot;//nt1.ggpht.com/news/tbn/mStRxUhzbXjtZM/6.jpg&quot; alt=&quot;&quot; border=&quot;1&quot; width=&quot;80&quot; height=&quot;80&quot; /&gt;&lt;br /&gt;&lt;font size=&quot;-2&quot;&gt;CBC.ca&lt;/font&gt;&lt;/a&gt;&lt;/font&gt;&lt;/td&gt;&lt;td valign=&quot;top&quot; class=&quot;j&quot;&gt;&lt;font style=&quot;font-size:85%;font-family:arial,sans-serif&quot;&gt;&lt;br /&gt;&lt;div style=&quot;padding-top:0.8em;&quot;&gt;&lt;img alt=&quot;&quot; height=&quot;1&quot; width=&quot;1&quot; /&gt;&lt;/div&gt;&lt;div class=&quot;lh&quot;&gt;&lt;a href=&quot;http://news.google.com/news/url?sa=t&amp;amp;fd=R&amp;amp;usg=AFQjCNF1uItDX5TYFN33QpS2Avj3I02cKA&amp;amp;url=http://www.washingtonpost.com/national/health-science/sally-ride-the-first-american-woman-in-space-dies-at-61/2012/07/23/gJQAAnb94W_gallery.html&quot;&gt;&lt;b&gt;Sally Ride, the first American woman in space, dies&lt;/b&gt;&lt;/a&gt;&lt;br /&gt;&lt;font size=&quot;-1&quot;&gt;&lt;b&gt;&lt;font color=&quot;#6f6f6f&quot;&gt;Washington Post&lt;/font&gt;&lt;/b&gt;&lt;/font&gt;&lt;br /&gt;&lt;font size=&quot;-1&quot;&gt;Sally Ride, the first American woman to go into space, died of pancreatic cancer at her home in La Jolla, Calif., at age 61. When Ride clambered aboard the space shuttle Challenger in 1983, she also became the youngest American in space.&lt;/font&gt;&lt;br /&gt;&lt;font size=&quot;-1&quot;&gt;&lt;a href=&quot;http://news.google.com/news/url?sa=t&amp;amp;fd=R&amp;amp;usg=AFQjCNGUItw8lYCGgOLKaFQtBzAspQBUdg&amp;amp;url=http://content.usatoday.com/communities/gameon/post/2012/07/bud-collins-believes-he-might-have-sent-sally-ride-into-space/1&quot;&gt;Bud Collins says he might have sent Sally Ride into space&lt;/a&gt;&lt;font size=&quot;-1&quot; color=&quot;#6f6f6f&quot;&gt;&lt;nobr&gt;USA TODAY&lt;/nobr&gt;&lt;/font&gt;&lt;/font&gt;&lt;br /&gt;&lt;font size=&quot;-1&quot;&gt;&lt;a href=&quot;http://news.google.com/news/url?sa=t&amp;amp;fd=R&amp;amp;usg=AFQjCNFQiacu4T-DRDv9_JqoDeqxEuypIg&amp;amp;url=http://www.sfgate.com/business/bloomberg/article/Sally-Ride-First-U-S-Woman-in-Space-Dies-of-3730922.php&quot;&gt;Sally Ride, First U.S. Woman in Space, Dies of Cancer at 61&lt;/a&gt;&lt;font size=&quot;-1&quot; color=&quot;#6f6f6f&quot;&gt;&lt;nobr&gt;San Francisco Chronicle&lt;/nobr&gt;&lt;/font&gt;&lt;/font&gt;&lt;br /&gt;&lt;font size=&quot;-1&quot;&gt;&lt;a href=&quot;http://news.google.com/news/url?sa=t&amp;amp;fd=R&amp;amp;usg=AFQjCNEeY_8zb0_ufkbMtZzxPTawSd4xpw&amp;amp;url=http://www.tgdaily.com/space-features/64914-astronaut-sally-ride-shuffles-off-this-mortal-coil&quot;&gt;Astronaut Sally Ride shuffles off this mortal coil&lt;/a&gt;&lt;font size=&quot;-1&quot; color=&quot;#6f6f6f&quot;&gt;&lt;nobr&gt;TG Daily&lt;/nobr&gt;&lt;/font&gt;&lt;/font&gt;&lt;br /&gt;&lt;font size=&quot;-1&quot; class=&quot;p&quot;&gt;&lt;a href=&quot;http://news.google.com/news/url?sa=t&amp;amp;fd=R&amp;amp;usg=AFQjCNG-51sa7y_2D0Db5XAlKtofmjNJYg&amp;amp;url=http://www.cnn.com/2012/07/24/tech/sally-ride-user-reaction/&quot;&gt;&lt;nobr&gt;CNN International&lt;/nobr&gt;&lt;/a&gt;&amp;nbsp;-&lt;a href=&quot;http://news.google.com/news/url?sa=t&amp;amp;fd=R&amp;amp;usg=AFQjCNFDMAYMvjs8UeHHIVgIp-WKchGSMA&amp;amp;url=http://www.space.com/16725-sally-ride-female-space-shuttle-commanders.html&quot;&gt;&lt;nobr&gt;Space.com&lt;/nobr&gt;&lt;/a&gt;&amp;nbsp;-&lt;a href=&quot;http://news.google.com/news/url?sa=t&amp;amp;fd=R&amp;amp;usg=AFQjCNEu3cynuKZBzewpn8W9uv0SfuEJVA&amp;amp;url=http://encino.patch.com/articles/sally-ridefirst-american-woman-in-spacedies-in-la-jolla-81991551&quot;&gt;&lt;nobr&gt;Patch.com&lt;/nobr&gt;&lt;/a&gt;&lt;/font&gt;&lt;br /&gt;&lt;font class=&quot;p&quot; size=&quot;-1&quot;&gt;&lt;a class=&quot;p&quot; href=&quot;http://news.google.com/news/more?ned=us&amp;amp;topic=h&amp;amp;ncl=d7Lb1ItyBOr__KM7WevJCkTcK0bfM&quot;&gt;&lt;nobr&gt;&lt;b&gt;all 1,849 news articles&amp;nbsp;&amp;raquo;&lt;/b&gt;&lt;/nobr&gt;&lt;/a&gt;&lt;/font&gt;&lt;/div&gt;&lt;/font&gt;&lt;/td&gt;&lt;/tr&gt;&lt;/table&gt;</description></item> <item><title>Explosion kills girl, levels home in NY town - CBS News</title><link>http://news.google.com/news/url?sa=t&amp;fd=R&amp;usg=AFQjCNEHdq8H0vzu8mr8zO_Ge090oWOYyg&amp;url=http://www.cbsnews.com/8301-201_162-57478591/explosion-kills-girl-levels-home-in-n.y-town/</link><guid isPermaLink="false">tag:news.google.com,2005:cluster=35185819225356</guid><category>Top Stories</category><pubDate>Tue, 24 Jul 2012 15:53:21 GMT</pubDate><description>&lt;table border=&quot;0&quot; cellpadding=&quot;2&quot; cellspacing=&quot;7&quot; style=&quot;vertical-align:top;&quot;&gt;&lt;tr&gt;&lt;td width=&quot;80&quot; align=&quot;center&quot; valign=&quot;top&quot;&gt;&lt;font style=&quot;font-size:85%;font-family:arial,sans-serif&quot;&gt;&lt;a href=&quot;http://news.google.com/news/url?sa=t&amp;amp;fd=R&amp;amp;usg=AFQjCNEHdq8H0vzu8mr8zO_Ge090oWOYyg&amp;amp;url=http://www.cbsnews.com/8301-201_162-57478591/explosion-kills-girl-levels-home-in-n.y-town/&quot;&gt;&lt;img src=&quot;//nt3.ggpht.com/news/tbn/O2ffJyVhSKeJBM/6.jpg&quot; alt=&quot;&quot; border=&quot;1&quot; width=&quot;80&quot; height=&quot;80&quot; /&gt;&lt;br /&gt;&lt;font size=&quot;-2&quot;&gt;CBS News&lt;/font&gt;&lt;/a&gt;&lt;/font&gt;&lt;/td&gt;&lt;td valign=&quot;top&quot; class=&quot;j&quot;&gt;&lt;font style=&quot;font-size:85%;font-family:arial,sans-serif&quot;&gt;&lt;br /&gt;&lt;div style=&quot;padding-top:0.8em;&quot;&gt;&lt;img alt=&quot;&quot; height=&quot;1&quot; width=&quot;1&quot; /&gt;&lt;/div&gt;&lt;div class=&quot;lh&quot;&gt;&lt;a href=&quot;http://news.google.com/news/url?sa=t&amp;amp;fd=R&amp;amp;usg=AFQjCNEHdq8H0vzu8mr8zO_Ge090oWOYyg&amp;amp;url=http://www.cbsnews.com/8301-201_162-57478591/explosion-kills-girl-levels-home-in-n.y-town/&quot;&gt;&lt;b&gt;Explosion kills girl, levels home in NY town&lt;/b&gt;&lt;/a&gt;&lt;br /&gt;&lt;font size=&quot;-1&quot;&gt;&lt;b&gt;&lt;font color=&quot;#6f6f6f&quot;&gt;CBS News&lt;/font&gt;&lt;/b&gt;&lt;/font&gt;&lt;br /&gt;&lt;font size=&quot;-1&quot;&gt;Updated at 11:31 am ET (CBS/AP) WILSON, NY - An early morning blast leveled a house in western New York on Tuesday, killing a girl and injuring her parents and two siblings, authorities said. Niagara County Undersheriff Michael Filicetti said the blast &lt;b&gt;...&lt;/b&gt;&lt;/font&gt;&lt;br /&gt;&lt;font size=&quot;-1&quot;&gt;&lt;a href=&quot;http://news.google.com/news/url?sa=t&amp;amp;fd=R&amp;amp;usg=AFQjCNEgC_yxprlg07cE7IeCxQWxJMKaPA&amp;amp;url=http://abcnews.go.com/US/wireStory/report-hurt-missing-ny-house-explosion-16843497&quot;&gt;Girl Killed, 4 Others Hurt in NY House Explosion&lt;/a&gt;&lt;font size=&quot;-1&quot; color=&quot;#6f6f6f&quot;&gt;&lt;nobr&gt;ABC News&lt;/nobr&gt;&lt;/font&gt;&lt;/font&gt;&lt;br /&gt;&lt;font size=&quot;-1&quot;&gt;&lt;a href=&quot;http://news.google.com/news/url?sa=t&amp;amp;fd=R&amp;amp;usg=AFQjCNGSvRHVt4OdjzdrfNMxFQsJeu_fGQ&amp;amp;url=http://online.wsj.com/article/AP35114ea5c0e2447a899e8d6ce80160cd.html&quot;&gt;Crews at scene of explosion in western NY town&lt;/a&gt;&lt;font size=&quot;-1&quot; color=&quot;#6f6f6f&quot;&gt;&lt;nobr&gt;Wall Street Journal&lt;/nobr&gt;&lt;/font&gt;&lt;/font&gt;&lt;br /&gt;&lt;font size=&quot;-1&quot;&gt;&lt;a href=&quot;http://news.google.com/news/url?sa=t&amp;amp;fd=R&amp;amp;usg=AFQjCNFRtfO3gZPBH95LDj1KdMf5Lf4MBg&amp;amp;url=http://usnews.msnbc.msn.com/_news/2012/07/24/12925930-ny-home-explodes-killing-girl-injuring-4-others&quot;&gt;NY home explodes, killing girl, injuring 4 others&lt;/a&gt;&lt;font size=&quot;-1&quot; color=&quot;#6f6f6f&quot;&gt;&lt;nobr&gt;msnbc.com&lt;/nobr&gt;&lt;/font&gt;&lt;/font&gt;&lt;br /&gt;&lt;font size=&quot;-1&quot; class=&quot;p&quot;&gt;&lt;/font&gt;&lt;br /&gt;&lt;font class=&quot;p&quot; size=&quot;-1&quot;&gt;&lt;a class=&quot;p&quot; href=&quot;http://news.google.com/news/more?ned=us&amp;amp;topic=h&amp;amp;ncl=dJUtfe-DQEIuK6MH5KzoSMq7llhwM&quot;&gt;&lt;nobr&gt;&lt;b&gt;all 270 news articles&amp;nbsp;&amp;raquo;&lt;/b&gt;&lt;/nobr&gt;&lt;/a&gt;&lt;/font&gt;&lt;/div&gt;&lt;/font&gt;&lt;/td&gt;&lt;/tr&gt;&lt;/table&gt;</description></item> <item><title>Breaking down the NCAA sanctions against Penn State - ESPN</title><link>http://news.google.com/news/url?sa=t&amp;fd=R&amp;usg=AFQjCNEydUVjCBj0ZdmFPBY7iNPHeAkgjA&amp;url=http://espn.go.com/college-football/story/_/id/8194508/ncaa-loses-handle-turning-penn-state-losing-program</link><guid isPermaLink="false">tag:news.google.com,2005:cluster=35185817141199</guid><category>Top Stories</category><pubDate>Tue, 24 Jul 2012 16:02:45 GMT</pubDate><description>&lt;table border=&quot;0&quot; cellpadding=&quot;2&quot; cellspacing=&quot;7&quot; style=&quot;vertical-align:top;&quot;&gt;&lt;tr&gt;&lt;td width=&quot;80&quot; align=&quot;center&quot; valign=&quot;top&quot;&gt;&lt;font style=&quot;font-size:85%;font-family:arial,sans-serif&quot;&gt;&lt;a href=&quot;http://news.google.com/news/url?sa=t&amp;amp;fd=R&amp;amp;usg=AFQjCNHR4slRxc5exc8P8yT-egPC5QRo7g&amp;amp;url=http://abcnews.go.com/Sports/wireStory/ncaa-punish-penn-state-paterno-statue-removed-16832083&quot;&gt;&lt;img src=&quot;//nt2.ggpht.com/news/tbn/_qIm_bKb7Y2HyM/6.jpg&quot; alt=&quot;&quot; border=&quot;1&quot; width=&quot;80&quot; height=&quot;80&quot; /&gt;&lt;br /&gt;&lt;font size=&quot;-2&quot;&gt;ABC News&lt;/font&gt;&lt;/a&gt;&lt;/font&gt;&lt;/td&gt;&lt;td valign=&quot;top&quot; class=&quot;j&quot;&gt;&lt;font style=&quot;font-size:85%;font-family:arial,sans-serif&quot;&gt;&lt;br /&gt;&lt;div style=&quot;padding-top:0.8em;&quot;&gt;&lt;img alt=&quot;&quot; height=&quot;1&quot; width=&quot;1&quot; /&gt;&lt;/div&gt;&lt;div class=&quot;lh&quot;&gt;&lt;a href=&quot;http://news.google.com/news/url?sa=t&amp;amp;fd=R&amp;amp;usg=AFQjCNEydUVjCBj0ZdmFPBY7iNPHeAkgjA&amp;amp;url=http://espn.go.com/college-football/story/_/id/8194508/ncaa-loses-handle-turning-penn-state-losing-program&quot;&gt;&lt;b&gt;Breaking down the NCAA sanctions against Penn State&lt;/b&gt;&lt;/a&gt;&lt;br /&gt;&lt;font size=&quot;-1&quot;&gt;&lt;b&gt;&lt;font color=&quot;#6f6f6f&quot;&gt;ESPN&lt;/font&gt;&lt;/b&gt;&lt;/font&gt;&lt;br /&gt;&lt;font size=&quot;-1&quot;&gt;There&amp;#39;s only one honest way to look at the punishments slapped on Penn State: The NCAA set out to create a losing program, and it went about the task systematically, with all the subtlety of a watermelon being tossed from the back of a moving pickup.&lt;/font&gt;&lt;br /&gt;&lt;font size=&quot;-1&quot;&gt;&lt;a href=&quot;http://news.google.com/news/url?sa=t&amp;amp;fd=R&amp;amp;usg=AFQjCNH7wZLbZmnKoiDA6vYhH4iKPfaduA&amp;amp;url=http://www.usatoday.com/sports/college/football/bigten/story/2012-07-24/state-college-business-glad-no-Penn-State-death-penalty/56455650/1&quot;&gt;State College businesses ponder impact of sanctions&lt;/a&gt;&lt;font size=&quot;-1&quot; color=&quot;#6f6f6f&quot;&gt;&lt;nobr&gt;USA TODAY&lt;/nobr&gt;&lt;/font&gt;&lt;/font&gt;&lt;br /&gt;&lt;font size=&quot;-1&quot;&gt;&lt;a href=&quot;http://news.google.com/news/url?sa=t&amp;amp;fd=R&amp;amp;usg=AFQjCNFLBEDnSSU4_-wLJGgA5cfKOovH6Q&amp;amp;url=http://www.cbsnews.com/8301-400_162-57477633/penn-state-slammed-with-ncaa-sanctions-over-handling-of-jerry-sandusky-sex-abuse-scandal/&quot;&gt;Penn State slammed with NCAA sanctions over handling of Jerry Sandusky sex &lt;b&gt;...&lt;/b&gt;&lt;/a&gt;&lt;font size=&quot;-1&quot; color=&quot;#6f6f6f&quot;&gt;&lt;nobr&gt;CBS News&lt;/nobr&gt;&lt;/font&gt;&lt;/font&gt;&lt;br /&gt;&lt;font size=&quot;-1&quot;&gt;&lt;a href=&quot;http://news.google.com/news/url?sa=t&amp;amp;fd=R&amp;amp;usg=AFQjCNGYSSw-PQWBCxrXIBjeLwbCduTSVw&amp;amp;url=http://www.bloomberg.com/news/2012-07-24/if-only-penn-state-officials-had-more-discretion.html&quot;&gt;If Only Penn State Officials Had More Discretion&lt;/a&gt;&lt;font size=&quot;-1&quot; color=&quot;#6f6f6f&quot;&gt;&lt;nobr&gt;Bloomberg&lt;/nobr&gt;&lt;/font&gt;&lt;/font&gt;&lt;br /&gt;&lt;font size=&quot;-1&quot; class=&quot;p&quot;&gt;&lt;a href=&quot;http://news.google.com/news/url?sa=t&amp;amp;fd=R&amp;amp;usg=AFQjCNGAKbQmJ0EYQ4xLuXgsM8f9eGYZow&amp;amp;url=http://tracking.si.com/2012/07/24/penn-state-bill-o-brien-ncaa-sanctions/&quot;&gt;&lt;nobr&gt;SI.com&lt;/nobr&gt;&lt;/a&gt;&amp;nbsp;-&lt;a href=&quot;http://news.google.com/news/url?sa=t&amp;amp;fd=R&amp;amp;usg=AFQjCNGWVyUc7zqq0Xq8Ysl3duqeQFDZ0A&amp;amp;url=http://www.cbssports.com/collegefootball/blog/college-football-rapidreports/19646382/five-penn-state-players-teams-are-targeting&quot;&gt;&lt;nobr&gt;CBSSports.com (blog)&lt;/nobr&gt;&lt;/a&gt;&amp;nbsp;-&lt;a href=&quot;http://news.google.com/news/url?sa=t&amp;amp;fd=R&amp;amp;usg=AFQjCNELI8VQ0UGwE7SMbNIqb0mb1VI4Gg&amp;amp;url=http://www.sbnation.com/ncaa-football/2012/7/24/3181307/penn-state-football-state-farm-credit-rating&quot;&gt;&lt;nobr&gt;SB Nation&lt;/nobr&gt;&lt;/a&gt;&lt;/font&gt;&lt;br /&gt;&lt;font class=&quot;p&quot; size=&quot;-1&quot;&gt;&lt;a class=&quot;p&quot; href=&quot;http://news.google.com/news/more?ned=us&amp;amp;topic=h&amp;amp;ncl=drAM5a5CY-yD-UMIczHN9zJ6kPQ8M&quot;&gt;&lt;nobr&gt;&lt;b&gt;all 11,108 news articles&amp;nbsp;&amp;raquo;&lt;/b&gt;&lt;/nobr&gt;&lt;/a&gt;&lt;/font&gt;&lt;/div&gt;&lt;/font&gt;&lt;/td&gt;&lt;/tr&gt;&lt;/table&gt;</description></item> <item><title>Egypt&apos;s Mursi names little-known minister as PM - Reuters</title><link>http://news.google.com/news/url?sa=t&amp;fd=R&amp;usg=AFQjCNGKJ4-_bt0oj32HJM6nTBhSL-tSPg&amp;url=http://www.reuters.com/article/2012/07/24/us-egypt-government-mursi-idUSBRE86N0HN20120724</link><guid isPermaLink="false">tag:news.google.com,2005:cluster=35185819226410</guid><category>Top Stories</category><pubDate>Tue, 24 Jul 2012 16:04:36 GMT</pubDate><description>&lt;table border=&quot;0&quot; cellpadding=&quot;2&quot; cellspacing=&quot;7&quot; style=&quot;vertical-align:top;&quot;&gt;&lt;tr&gt;&lt;td width=&quot;80&quot; align=&quot;center&quot; valign=&quot;top&quot;&gt;&lt;font style=&quot;font-size:85%;font-family:arial,sans-serif&quot;&gt;&lt;a href=&quot;http://news.google.com/news/url?sa=t&amp;amp;fd=R&amp;amp;usg=AFQjCNF3eCw4N6sBP_hWZIAE2r8_k7Cv3Q&amp;amp;url=http://www.guardian.co.uk/world/2012/jul/24/egyptian-president-hisham-kandil-government&quot;&gt;&lt;img src=&quot;//nt2.ggpht.com/news/tbn/Amgc4yU27rvVhM/6.jpg&quot; alt=&quot;&quot; border=&quot;1&quot; width=&quot;80&quot; height=&quot;80&quot; /&gt;&lt;br /&gt;&lt;font size=&quot;-2&quot;&gt;The Guardian&lt;/font&gt;&lt;/a&gt;&lt;/font&gt;&lt;/td&gt;&lt;td valign=&quot;top&quot; class=&quot;j&quot;&gt;&lt;font style=&quot;font-size:85%;font-family:arial,sans-serif&quot;&gt;&lt;br /&gt;&lt;div style=&quot;padding-top:0.8em;&quot;&gt;&lt;img alt=&quot;&quot; height=&quot;1&quot; width=&quot;1&quot; /&gt;&lt;/div&gt;&lt;div class=&quot;lh&quot;&gt;&lt;a href=&quot;http://news.google.com/news/url?sa=t&amp;amp;fd=R&amp;amp;usg=AFQjCNGKJ4-_bt0oj32HJM6nTBhSL-tSPg&amp;amp;url=http://www.reuters.com/article/2012/07/24/us-egypt-government-mursi-idUSBRE86N0HN20120724&quot;&gt;&lt;b&gt;Egypt&amp;#39;s Mursi names little-known minister as PM&lt;/b&gt;&lt;/a&gt;&lt;br /&gt;&lt;font size=&quot;-1&quot;&gt;&lt;b&gt;&lt;font color=&quot;#6f6f6f&quot;&gt;Reuters&lt;/font&gt;&lt;/b&gt;&lt;/font&gt;&lt;br /&gt;&lt;font size=&quot;-1&quot;&gt;By Tom Perry | CAIRO (Reuters) - President Mohamed Mursi appointed Irrigation Minister Hisham Kandil as Egypt&amp;#39;s prime minister-designate on Tuesday but critics questioned whether the little-known technocrat had the political or economic experience for &lt;b&gt;...&lt;/b&gt;&lt;/font&gt;&lt;br /&gt;&lt;font size=&quot;-1&quot;&gt;&lt;a href=&quot;http://news.google.com/news/url?sa=t&amp;amp;fd=R&amp;amp;usg=AFQjCNFwBzacmBGXBzrhDJua3LXbE3KZPQ&amp;amp;url=http://www.google.com/hostednews/ap/article/ALeqM5gbPPUx1CJQrhQvYmQ1SqvicPV6lQ?docId%3Dd41de9cda4104e8cb028527330eb2b1b&quot;&gt;Egypt&amp;#39;s president names new prime minister&lt;/a&gt;&lt;link rel=&quot;syndication-source&quot; href=&quot;www.ap.org/d41de9cda4104e8cb028527330eb2b1b&quot; /&gt;&lt;font size=&quot;-1&quot; color=&quot;#6f6f6f&quot;&gt;&lt;nobr&gt;The Associated Press&lt;/nobr&gt;&lt;/font&gt;&lt;/font&gt;&lt;br /&gt;&lt;font size=&quot;-1&quot;&gt;&lt;a href=&quot;http://news.google.com/news/url?sa=t&amp;amp;fd=R&amp;amp;usg=AFQjCNFdh9oHT65ljpPiH9ULmHT5ubMBXw&amp;amp;url=http://www.washingtonpost.com/world/egypts-morsi-chooses-little-known-technocrat-as-prime-minister/2012/07/24/gJQAcXkg6W_story.html&quot;&gt;Egypt&amp;#39;s Morsi chooses little-known technocrat as prime minister&lt;/a&gt;&lt;font size=&quot;-1&quot; color=&quot;#6f6f6f&quot;&gt;&lt;nobr&gt;Washington Post&lt;/nobr&gt;&lt;/font&gt;&lt;/font&gt;&lt;br /&gt;&lt;font size=&quot;-1&quot;&gt;&lt;a href=&quot;http://news.google.com/news/url?sa=t&amp;amp;fd=R&amp;amp;usg=AFQjCNH1ccX2OjeCxJQ5eYNwh5Ep_7knbw&amp;amp;url=http://www.csmonitor.com/World/Middle-East/2012/0724/Egyptian-president-names-unknown-as-next-prime-minister&quot;&gt;Egyptian president names unknown as next prime minister&lt;/a&gt;&lt;font size=&quot;-1&quot; color=&quot;#6f6f6f&quot;&gt;&lt;nobr&gt;Christian Science Monitor&lt;/nobr&gt;&lt;/font&gt;&lt;/font&gt;&lt;br /&gt;&lt;font size=&quot;-1&quot; class=&quot;p&quot;&gt;&lt;a href=&quot;http://news.google.com/news/url?sa=t&amp;amp;fd=R&amp;amp;usg=AFQjCNGd-tVEjv6VrEW-GV1F1IPJW15MnA&amp;amp;url=http://www.foxnews.com/world/2012/07/24/egypt-president-names-us-educated-official-new-prime-minister/&quot;&gt;&lt;nobr&gt;Fox News&lt;/nobr&gt;&lt;/a&gt;&amp;nbsp;-&lt;a href=&quot;http://news.google.com/news/url?sa=t&amp;amp;fd=R&amp;amp;usg=AFQjCNHkm2xvXCFdY7yWbpcd4rx1HvtIzw&amp;amp;url=http://allafrica.com/stories/201207240991.html&quot;&gt;&lt;nobr&gt;AllAfrica.com&lt;/nobr&gt;&lt;/a&gt;&amp;nbsp;-&lt;a href=&quot;http://news.google.com/news/url?sa=t&amp;amp;fd=R&amp;amp;usg=AFQjCNEXtucRBd5zlac-F0itvw62GsnkjQ&amp;amp;url=http://www.bloomberg.com/news/2012-07-24/egypt-s-mursi-appoints-water-minister-to-form-new-cabinet-2-.html&quot;&gt;&lt;nobr&gt;Bloomberg&lt;/nobr&gt;&lt;/a&gt;&lt;/font&gt;&lt;br /&gt;&lt;font class=&quot;p&quot; size=&quot;-1&quot;&gt;&lt;a class=&quot;p&quot; href=&quot;http://news.google.com/news/more?ned=us&amp;amp;topic=h&amp;amp;ncl=dN3Mp-NTZ2M4SHMkaKV0a08GLGxfM&quot;&gt;&lt;nobr&gt;&lt;b&gt;all 303 news articles&amp;nbsp;&amp;raquo;&lt;/b&gt;&lt;/nobr&gt;&lt;/a&gt;&lt;/font&gt;&lt;/div&gt;&lt;/font&gt;&lt;/td&gt;&lt;/tr&gt;&lt;/table&gt;</description></item><description>Google News</description></channel></rss>